{
  "train_size": 1124,
  "test_size": 281,
  "vocabulary_size": 1556155,
  "accuracy": 1.0,
  "precision": 1.0,
  "recall": 1.0,
  "f1_score": 1.0,
  "prior_dovish": 0.47056529178292256,
  "prior_hawkish": 0.5294347082170774
}